<?xml version="1.0" encoding="UTF-8"?>
<themeConfig data="2014/03/11">
	 <platform name="Android" version="1.0" companyid="default">
    	<mainColor>#f37667</mainColor><!-- 主色调 -->
        <mainTextColor>#ffffff</mainTextColor><!-- 主色调 文字 -->
  		<mainTextColorHighlighted>#f6aba2</mainTextColorHighlighted><!-- 主色调 文字高亮颜色 -->
    	<mainBackgroundColor>#ffffff</mainBackgroundColor><!-- 主背景色调 -->
    	<tabHostTextFocusColorInBookStore>#f37667</tabHostTextFocusColorInBookStore><!-- tabHost 焦点tab的文字颜色 -->
    	<tabHostTextDefaultColorInBookStore>#000000</tabHostTextDefaultColorInBookStore><!-- tabHost 非焦点tab的文字颜色 -->
    	<tabHostBackgroundColorInBookStore>#ffffff</tabHostBackgroundColorInBookStore><!-- tabHost tab下面的背景色 -->
    	<tabHostLineColorInBookStore>#f37667</tabHostLineColorInBookStore><!-- tabHost tab下面的直线 -->
        <tabHostPageIndicatorColorInBookStore>#f37667</tabHostPageIndicatorColorInBookStore><!-- tabHost 焦点tab指示器 -->
        <logoutButtonBackgroundColorDefault>#f37667</logoutButtonBackgroundColorDefault><!-- 退出按钮 默认背景颜色 -->
        <logoutButtonBackgroundColorHighlight>#d77063</logoutButtonBackgroundColorHighlight><!-- 退出按钮 高亮背景颜色 -->
        <logoTextColorInSetting>#484848</logoTextColorInSetting><!-- 设置界面 logo 下面的文字颜色 -->
        
        <!-- 书籍价格标签图片 -->
        <priceTag_6>price_6</priceTag_6>
        <priceTag_12>price_12</priceTag_12>
        <priceTag_18>price_18</priceTag_18>
        <priceTag_25>price_25</priceTag_25>
        <priceTag_30>price_30</priceTag_30>
        <priceTag_40>price_40</priceTag_40>
        <priceTag_45>price_45</priceTag_45>
        <priceTag_50>price_50</priceTag_50>
        <priceTag_60>price_60</priceTag_60>
        <priceTag_68>price_68</priceTag_68>
        <priceTag_73>price_73</priceTag_73>
        <priceTag_78>price_78</priceTag_78>
        <priceTag_88>price_88</priceTag_88>
        <priceTag_93>price_93</priceTag_93>
        <priceTag_98>price_98</priceTag_98>
        <priceTag_108>price_108</priceTag_108>
        <priceTag_113>price_113</priceTag_113>
        <priceTag_118>price_118</priceTag_118>
        <priceTag_123>price_123</priceTag_123>
        <priceTag_128>price_128</priceTag_128>
        <priceTag_138>price_138</priceTag_138>
        <priceTag_148>price_148</priceTag_148>
        <priceTag_153>price_153</priceTag_153>
        <priceTag_158>price_158</priceTag_158>
        <priceTag_163>price_163</priceTag_163>
        <priceTag_168>price_168</priceTag_168>
        <priceTag_178>price_178</priceTag_178>
        <priceTag_188>price_188</priceTag_188>
        <priceTag_193>price_193</priceTag_193>
        <priceTag_198>price_198</priceTag_198>
        <priceTag_208>price_208</priceTag_208>
       
		<!-- 主背景图片 -->
        <mainBackgroundImage>mainBackgroundImage</mainBackgroundImage>
        <!-- 文件夹cell中的, 文件数量背景图片 -->
        <bookCountBackgroundInFolderCell>bg_book_number</bookCountBackgroundInFolderCell>
        <!-- 文件夹cell中的, 文件下载状态GIF图片 -->
        <downloadingGIFInFolderCell>downloading</downloadingGIFInFolderCell>
        <!-- 书城界面的 返回按钮 -->
        <backButtonHighlightedInBookStore>ic_quit</backButtonHighlightedInBookStore>
        <!-- 书籍价格标签 - 免费 -->
        <priceTag_free>price_free</priceTag_free>
        <!-- 在 设置界面 中的 公司logo -->
        <logoInSetting>logo</logoInSetting>       
        <!-- 书城界面的 刷新按钮 -->
        <refreshButtonDefaultInBookStore>ic_update</refreshButtonDefaultInBookStore>
        <refreshButtonHighlightedInBookStore>ic_update_pressed</refreshButtonHighlightedInBookStore>        
        <!-- 书架界面的删除按钮图片 -->
        <deleteButtonDefaultInBookShelf>ic_delete</deleteButtonDefaultInBookShelf>
        <deleteButtonHighlightedInBookShelf>ic_delete_selected</deleteButtonHighlightedInBookShelf>
        <!-- 书城界面的 搜索框左侧图标 -->
        <searchButtonDefaultInBookStoreLeft>ic_search_head</searchButtonDefaultInBookStoreLeft>
        <!-- 书城界面的 搜索框中间的编辑框 -->
        <searchButtonDefaultInBookStoreMiddle>ic_search_edittext</searchButtonDefaultInBookStoreMiddle>
        <!-- 书城界面的 搜索框右侧的取消按钮 -->
        <searchButtonDefaultInBookStoreRight>ic_search_cancel_button</searchButtonDefaultInBookStoreRight>
        <searchButtonHighlightedInBookStoreRight>ic_search_cancel_button_focus</searchButtonHighlightedInBookStoreRight>
        <!-- 书城界面的 搜索按钮 -->
		<serachButtonHighlightedInBookStore>ic_query_pressed</serachButtonHighlightedInBookStore>
		<serachButtonDefaultInBookStore>ic_query</serachButtonDefaultInBookStore>
        <!-- 在 设置界面 中的 公司logo的背景图片 -->
        <logoBackgroundInSetting>sz_bj</logoBackgroundInSetting>
		<!-- 展开文件夹中 文件夹顶部直线 右边-->
		<folderLineRight>folder_line_right</folderLineRight>
		<!-- 展开文件夹中 文件夹顶部直线 中间-->
		<folderLineMiddle>folder_line_middle</folderLineMiddle>
		<!-- 展开文件夹中 文件夹顶部直线 左边-->
		<folderLineLeft>folder_line_left</folderLineLeft>
		<!-- 展开文件夹中 文件夹名左侧 -->
		<folderNameLeft>folder_name_left</folderNameLeft>
		<!-- 展开文件夹中 文件夹名中间 -->
		<folderNameMiddle>folder_name_middle</folderNameMiddle>
		<!-- 展开文件夹中 文件夹名右侧 -->
		<folderNameRight>folder_name_right</folderNameRight>
		<!-- 展开文件夹中 文件夹名右侧取消 -->
		<folderNameRightCancel>folder_name_right_cancel</folderNameRightCancel>
		<!-- 书架界面的搜索控件 左侧 -->
		<shelfSearchLeft>shelf_search_left</shelfSearchLeft>
		<!-- 书架界面的搜索控件 中间 -->
		<shelfSearchMiddle>shelf_search_middle</shelfSearchMiddle>
		<!-- 书架界面的搜索控件 右侧 -->
		<shelfSearchRight>shelf_search_right</shelfSearchRight>
		<!-- 书架界面的搜索控件 左侧点击 -->
		<shelfSearchPressedLeft>shelf_search_pressed_left</shelfSearchPressedLeft>
		<!-- 书架界面的搜索控件 中间点击 -->
		<shelfSearchPressedMiddle>shelf_search_pressed_middle</shelfSearchPressedMiddle>
		<!-- 书架界面的搜索控件 右侧点击 -->
		<shelfSearchPressedRight>shelf_search_pressed_right</shelfSearchPressedRight>
		<!-- 搜索界面无结果的的图片 -->
		<searchNoData>ic_no_data</searchNoData>
		<!-- 导航阴影图片 -->
		<shadowSide>shadow_side</shadowSide>
		<!-- 导航阴影滑至最左端的图片 -->
		<shadowSideFullLeft>shadow_side_full_left</shadowSideFullLeft>
		<!-- 导航阴影滑至最右端的图片 -->
		<shadowSideFullRight>shadow_side_full_right</shadowSideFullRight>
	</platform>
</themeConfig>